commit_sha,code_smells,bugs,vulnerabilities,coverage,duplicated_lines_density,ncloc,files,functions,complexity,comment_lines,sqale_index,sqale_debt_ratio
bf51a34cc488da23da1dcd4ec49b40e5e30ba632,,,,,,,,,,,,
cc1e680223581fa73dbb7809e85daf9467135cdf,,,,,,,,,,,,
f6561f059635d939bf2c460d6c921799f1bddbb9,,,,,,,,,,,,
ef253c9ba45fd5367387fa42b8d39c5cdfbe1d05,,,,,,,,,,,,
43c85d149b42d65510dfbe53a8fb6c3c90c9905e,,,,,,,,,,,,
c833069d53f2afc3f7bd8ce26a79624cfec12d45,,,,,,,,,,,,
79ff881b488f9493c42ebee4e67a74d4a0fae49d,,,,,,,,,,,,
ddb3fba7d0f8b58090e98e5ad92de2d8c7f79ae8,,,,,,,,,,,,
c804919345e82764685b2fb790c2c9992a5ed036,,,,,,,,,,,,
f37b28b56b6c979b3adfc527bee55133075787ae,,,,,,,,,,,,
34c976e021f72d35e65b8dcc7bca2bbef153725c,,,,,,,,,,,,
9a93622d13ea4719d24c57456770b332fa4e25a8,,,,,,,,,,,,
4d51a5a21d87ee8d4860700135a2eba85e3c8b4d,,,,,,,,,,,,
7e5265f9c49a34e9dde9284509727feae69ae078,,,,,,,,,,,,
7453a94d0f17d0740c0f577b4179577d2404dc3b,,,,,,,,,,,,
d873f77f79b53eb82cefe56c4009106f0d48766a,,,,,,,,,,,,
aa20c9bc41d952cce842f8fc1cae6b9bb711ae2e,,,,,,,,,,,,
1fb4dc82253c4b1d965187b51106e3bc57ce422c,,,,,,,,,,,,
c2894d112b0657e3f07d46e2a2ea397853df1e88,,,,,,,,,,,,
a25b21facd6ad74a4116424a74c8a0baf7a80d18,,,,,,,,,,,,
08c74b79d254426351062560f5e5c00e02275517,,,,,,,,,,,,
01299904bbcb48797048d0d41f8b16e33e092340,,,,,,,,,,,,
d691bb175075711c0a629efaf0d85e63d108923d,,,,,,,,,,,,
4a4d756fe98a850ab8f9e3fc9240734fe40c9037,,,,,,,,,,,,
ca6909a497666d03be250cae3fc9c8f789ec51cb,,,,,,,,,,,,
96bf73197125f81d14f9fa2c75e330d04f1140f6,,,,,,,,,,,,
4a7489739c58c20da8987f5d27fe025d13cacb2f,,,,,,,,,,,,
bf51a34cc488da23da1dcd4ec49b40e5e30ba632,,,,,,,,,,,,
cc1e680223581fa73dbb7809e85daf9467135cdf,,,,,,,,,,,,
f6561f059635d939bf2c460d6c921799f1bddbb9,,,,,,,,,,,,
ef253c9ba45fd5367387fa42b8d39c5cdfbe1d05,,,,,,,,,,,,
43c85d149b42d65510dfbe53a8fb6c3c90c9905e,,,,,,,,,,,,
c833069d53f2afc3f7bd8ce26a79624cfec12d45,,,,,,,,,,,,
79ff881b488f9493c42ebee4e67a74d4a0fae49d,,,,,,,,,,,,
ddb3fba7d0f8b58090e98e5ad92de2d8c7f79ae8,,,,,,,,,,,,
c804919345e82764685b2fb790c2c9992a5ed036,,,,,,,,,,,,
f37b28b56b6c979b3adfc527bee55133075787ae,,,,,,,,,,,,
34c976e021f72d35e65b8dcc7bca2bbef153725c,,,,,,,,,,,,
9a93622d13ea4719d24c57456770b332fa4e25a8,,,,,,,,,,,,
4d51a5a21d87ee8d4860700135a2eba85e3c8b4d,,,,,,,,,,,,
7e5265f9c49a34e9dde9284509727feae69ae078,,,,,,,,,,,,
7453a94d0f17d0740c0f577b4179577d2404dc3b,,,,,,,,,,,,
d873f77f79b53eb82cefe56c4009106f0d48766a,,,,,,,,,,,,
aa20c9bc41d952cce842f8fc1cae6b9bb711ae2e,,,,,,,,,,,,
1fb4dc82253c4b1d965187b51106e3bc57ce422c,,,,,,,,,,,,
c2894d112b0657e3f07d46e2a2ea397853df1e88,,,,,,,,,,,,
a25b21facd6ad74a4116424a74c8a0baf7a80d18,,,,,,,,,,,,
08c74b79d254426351062560f5e5c00e02275517,,,,,,,,,,,,
cc1e680223581fa73dbb7809e85daf9467135cdf,,,,,,,,,,,,
bf51a34cc488da23da1dcd4ec49b40e5e30ba632,,,,,,,,,,,,
bf51a34cc488da23da1dcd4ec49b40e5e30ba632,8601,431,0,0.0,8.0,308721,4147,28637,48372,26111,76736,0.8
cc1e680223581fa73dbb7809e85daf9467135cdf,8601,431,0,0.0,8.0,308721,4147,28637,48372,26111,76736,0.8
f6561f059635d939bf2c460d6c921799f1bddbb9,8601,431,0,0.0,8.0,308721,4147,28637,48372,26111,76736,0.8
ef253c9ba45fd5367387fa42b8d39c5cdfbe1d05,8601,431,0,0.0,8.0,308721,4147,28637,48372,26111,76736,0.8
43c85d149b42d65510dfbe53a8fb6c3c90c9905e,8297,432,0,0.0,8.7,285036,3893,25788,42941,25101,72916,0.9
c833069d53f2afc3f7bd8ce26a79624cfec12d45,8297,432,0,0.0,8.7,285036,3893,25788,42941,25101,72916,0.9
79ff881b488f9493c42ebee4e67a74d4a0fae49d,8297,432,0,0.0,8.7,285036,3893,25788,42941,25101,72916,0.9
ddb3fba7d0f8b58090e98e5ad92de2d8c7f79ae8,8601,431,0,0.0,8.0,308720,4147,28637,48372,26111,76736,0.8
bf51a34cc488da23da1dcd4ec49b40e5e30ba632,8296,432,0,0.0,8.7,285036,3893,25788,42941,25101,72901,0.9
cc1e680223581fa73dbb7809e85daf9467135cdf,8601,431,0,0.0,8.0,308721,4147,28637,48372,26111,76736,0.8
f6561f059635d939bf2c460d6c921799f1bddbb9,8601,431,0,0.0,8.0,308721,4147,28637,48372,26111,76736,0.8
ef253c9ba45fd5367387fa42b8d39c5cdfbe1d05,8601,431,0,0.0,8.0,308721,4147,28637,48372,26111,76736,0.8
43c85d149b42d65510dfbe53a8fb6c3c90c9905e,8297,432,0,0.0,8.7,285036,3893,25788,42941,25101,72916,0.9
c833069d53f2afc3f7bd8ce26a79624cfec12d45,8297,432,0,0.0,8.7,285036,3893,25788,42941,25101,72916,0.9
79ff881b488f9493c42ebee4e67a74d4a0fae49d,8297,432,0,0.0,8.7,285036,3893,25788,42941,25101,72916,0.9
ddb3fba7d0f8b58090e98e5ad92de2d8c7f79ae8,8601,431,0,0.0,8.0,308720,4147,28637,48372,26111,76736,0.8
c804919345e82764685b2fb790c2c9992a5ed036,8296,432,0,0.0,8.7,285036,3893,25788,42941,25101,72901,0.9
f37b28b56b6c979b3adfc527bee55133075787ae,8296,432,0,0.0,8.7,285035,3893,25788,42941,25101,72901,0.9
34c976e021f72d35e65b8dcc7bca2bbef153725c,8296,432,0,0.0,8.7,285035,3893,25788,42941,25101,72901,0.9
9a93622d13ea4719d24c57456770b332fa4e25a8,8296,432,0,0.0,8.7,285035,3893,25788,42941,25101,72901,0.9
4d51a5a21d87ee8d4860700135a2eba85e3c8b4d,8296,432,0,0.0,8.7,285035,3893,25788,42941,25101,72901,0.9
7e5265f9c49a34e9dde9284509727feae69ae078,8296,432,0,0.0,8.7,285035,3893,25788,42941,25101,72901,0.9
7453a94d0f17d0740c0f577b4179577d2404dc3b,8296,432,0,0.0,8.7,285035,3893,25788,42941,25101,72901,0.9
d873f77f79b53eb82cefe56c4009106f0d48766a,8296,432,0,0.0,8.7,285035,3893,25788,42941,25101,72901,0.9
aa20c9bc41d952cce842f8fc1cae6b9bb711ae2e,8296,432,0,0.0,8.7,285035,3893,25788,42941,25101,72901,0.9
1fb4dc82253c4b1d965187b51106e3bc57ce422c,8601,431,0,0.0,8.0,308690,4147,28632,48365,26108,76736,0.8
c2894d112b0657e3f07d46e2a2ea397853df1e88,8601,431,0,0.0,8.0,308690,4147,28632,48365,26108,76736,0.8
a25b21facd6ad74a4116424a74c8a0baf7a80d18,8296,432,0,0.0,8.7,285035,3893,25788,42941,25101,72901,0.9
08c74b79d254426351062560f5e5c00e02275517,8601,431,0,0.0,8.0,308689,4147,28632,48365,26108,76736,0.8
01299904bbcb48797048d0d41f8b16e33e092340,8296,432,0,0.0,8.7,285035,3893,25788,42941,25101,72901,0.9
d691bb175075711c0a629efaf0d85e63d108923d,8605,431,0,0.0,8.0,308471,4143,28615,48328,26085,76781,0.8
4a4d756fe98a850ab8f9e3fc9240734fe40c9037,8603,431,0,0.0,8.0,308445,4143,28609,48321,26085,76771,0.8
ca6909a497666d03be250cae3fc9c8f789ec51cb,8602,431,0,0.0,8.0,308420,4143,28607,48318,26084,76759,0.8
96bf73197125f81d14f9fa2c75e330d04f1140f6,8599,433,0,0.0,8.0,308246,4142,28575,48282,26084,76762,0.8
4a7489739c58c20da8987f5d27fe025d13cacb2f,8598,433,0,0.0,8.0,308236,4142,28573,48283,26087,76760,0.8
ac6704d532ca814dbf989dd20ea31716eabc6990,8294,432,0,0.0,8.7,285010,3893,25782,42933,25101,72891,0.9
d9bff7616a672c67f73c14baaec01b3293e5a51d,8294,432,0,0.0,8.7,285010,3893,25782,42933,25101,72891,0.9
524e0f1501d32af2b08f266f3e0a5af3d84a822d,8599,433,0,0.0,8.0,308763,4152,28633,48366,26117,76790,0.8
883c79558290f3a951cfa00134bf5fc92e2e7537,8595,433,0,0.0,8.0,308771,4152,28636,48372,26116,76698,0.8
45c007c3b2a8e7e9f73ce6fae32bd8f600904481,8294,432,0,0.0,8.7,285009,3893,25782,42933,25101,72891,0.9
40e214c34c5bf94ed16f332b23b032efac17cb08,8595,433,0,0.0,8.0,308783,4152,28636,48372,26116,76698,0.8
c48e1c08e4441171027a435964faa1cb70bb3aae,8595,433,0,0.0,8.0,308783,4152,28636,48372,26116,76698,0.8
6b60aa54bf0b9effd88d00896045d0f4f836bb25,8595,433,0,0.0,8.0,308764,4152,28636,48372,26116,76698,0.8
99395bd0a8c207fd011f5657df2370b26cd170b6,8294,432,0,0.0,8.7,285009,3893,25782,42933,25101,72891,0.9
9e3a72cf84553fd5c95d8c3bbefe26a14cb7e226,8588,433,0,0.0,8.0,308573,4152,28635,48338,26115,76542,0.8
61068d6dd1dabb6de590caeae26d3294d51a1ceb,8588,433,0,0.0,8.0,308573,4152,28635,48338,26115,76542,0.8
dd7b8b415a4ff7abdfac425d350eaa5d83d38f88,8587,432,0,0.0,8.0,308570,4152,28633,48335,26117,76537,0.8
d8aeba3fbd3074fd19758096a6939ab6b824da13,8587,432,0,0.0,8.0,308556,4152,28631,48331,26116,76537,0.8
3c48aa8579b65081dd693146166ebdf6b860e314,8587,432,0,0.0,8.0,308548,4152,28631,48331,26116,76537,0.8
dcfab3a7f8aef72967395045bd154ccbcf2c6bde,8579,431,0,0.0,8.0,308364,4154,28613,48276,26098,76433,0.8
4d1c87a512690d2472f8d2c8f767bd7dc6f197ff,8294,432,0,0.0,8.7,285009,3893,25782,42933,25101,72891,0.9
067dc8dce9b65656991183dc39cad065caabb59b,8294,432,0,0.0,8.7,285009,3893,25782,42933,25101,72891,0.9
62ae7f99b08a465880dc199173d3c87368fe409a,8575,431,0,0.0,8.0,308310,4154,28611,48273,26095,76403,0.8
a0b44bf4659097f265bed0d2a7486b4e262bfb7e,8294,432,0,0.0,8.7,285009,3893,25782,42933,25101,72891,0.9
84fdb32a4c56823a310ea3d62661d12144da3701,8294,432,0,0.0,8.7,285009,3893,25782,42933,25101,72891,0.9
1fbbd3a6357cf06c7415323c0a2e4ab30c4e7617,8294,432,0,0.0,8.7,285009,3893,25782,42933,25101,72891,0.9
3076a6287d447b9ffd5212f5be6d96a311d69244,8294,432,0,0.0,8.7,285009,3893,25782,42933,25101,72891,0.9
00a04e0f4607afb639fe97fcec295bf67e6cf51b,8294,432,0,0.0,8.7,285009,3893,25782,42933,25101,72891,0.9
ee3855e2f42bfbc84acb3c9ef7c74202f9226273,8294,432,0,0.0,8.7,285009,3893,25782,42933,25101,72891,0.9
51f4f7454e70c2acd31355763a5186f9d6f257f9,8294,432,0,0.0,8.7,285009,3893,25782,42933,25101,72891,0.9
010d926c5c401ec0588820d04a108ef3a11dbcd1,8575,431,0,0.0,8.0,308310,4154,28611,48273,26095,76403,0.8
720f981b3a8eeb5fd626e58de049ec94500454b2,8576,431,0,0.0,8.0,308269,4155,28607,48245,26108,76402,0.8
a9fedd5ecb2c1c3bcdb429f83f3ac00b8d4aea3a,8583,436,0,0.0,7.9,307248,4145,28410,47988,26109,76683,0.8
11900330d91f528cfcbdc4755bdd23651b516f52,8294,432,0,0.0,8.7,285000,3893,25781,42932,25101,72891,0.9
611de81d97132a30bbe5498462222493a8994c31,8291,432,0,0.0,8.7,284990,3893,25781,42932,25099,72866,0.9
0164e0e7d5596774c504215dd5020695e0e3b170,8583,436,0,0.0,7.9,307239,4145,28410,47985,26109,76683,0.8
f3d12944114afbb34bfd5f6420aeb43479d01533,8582,436,0,0.0,7.9,307167,4145,28407,47970,26069,76647,0.8
c7f080477a703f074a319c1629f1686e1ac26f66,8290,432,0,0.0,8.7,284955,3893,25780,42930,25098,72861,0.9
60a3c3fc3eca329ddd1b214ce43df67ed5632afb,8290,432,0,0.0,8.7,284955,3893,25780,42930,25098,72861,0.9
1a4d8639f80a0538f59da6827133cb7967584034,8582,436,0,0.0,7.9,307170,4145,28407,47970,26069,76647,0.8
392baa3f7181249b478a4ea42937fb3d438b717b,8583,436,0,0.0,7.9,307203,4146,28414,47977,26069,76649,0.8
ee32e7bd232f000f518cae5e71b8ef04dad2e4dd,8584,436,0,0.0,7.9,307213,4146,28414,47977,26070,76659,0.8
6b66498eafcd8eac5b1565111a28d456d6063fe3,8290,432,0,0.0,8.7,284955,3893,25780,42930,25098,72861,0.9
d4a4165709ece7c844de9d45870cf5f678cc6952,8290,432,0,0.0,8.7,284955,3893,25780,42930,25098,72861,0.9
ba25bfb65b8739d9a67217f04e8be85f8dacde7e,8290,432,0,0.0,8.7,284955,3893,25780,42930,25098,72861,0.9
9a45bdedbccadf83768e0a247dcdbe62fe1a362b,8290,432,0,0.0,8.7,284955,3893,25780,42930,25098,72861,0.9
e7517994117acaa77b17b0de12531a17e4756ccf,8290,432,0,0.0,8.7,284955,3893,25780,42930,25098,72861,0.9
5cd9c4da3dbed7e04926fc0bdfd6c67f033b733e,8290,432,0,0.0,8.7,284955,3893,25780,42930,25098,72861,0.9
beedbb5a1e169d20771a6c128236c8a75fcfbe09,8290,432,0,0.0,8.7,284955,3893,25780,42930,25098,72861,0.9
089ee859a70724f11ac28d718d1eb0044091f8e0,8290,432,0,0.0,8.7,284955,3893,25780,42930,25098,72861,0.9
fa555af44f798d1d20db01c6f55611734c5fe5b1,8290,432,0,0.0,8.7,284955,3893,25780,42930,25098,72861,0.9
a9ed54585e17455e407bbfb5a163553095146206,8290,432,0,0.0,8.7,284955,3893,25780,42930,25098,72861,0.9
8ce8e3318e23d0df8d64025ab9c03093fd15bef2,8290,432,0,0.0,8.7,284955,3893,25780,42930,25098,72861,0.9
859e947adf3c5d099366df23c5a8c17935e3ad7a,8290,432,0,0.0,8.7,284955,3893,25780,42930,25098,72861,0.9
32431d5a2c52d97b7d98b3ea9d709bd99ae3db55,8290,432,0,0.0,8.7,284955,3893,25780,42930,25098,72861,0.9
